,code,time_key,open,close,high,low,pe_ratio,turnover_rate,volume,turnover,change_rate,last_close
0,HK_FUTURE.999010,1/8/2018 0:00,28450,28295,28828,28163,0,0,214393,6067339607,-0.485351528,28433
1,HK_FUTURE.999010,2/8/2018 0:00,28284,27605,28334,27500,0,0,245585,6821862721,-2.438593391,28295
2,HK_FUTURE.999010,3/8/2018 0:00,27581,27613,27758,27444,0,0,201312,5503657137,0.028980257,27605
3,HK_FUTURE.999010,6/8/2018 0:00,27609,27728,28016,27609,0,0,217626,6038817351,0.416470503,27613
4,HK_FUTURE.999010,7/8/2018 0:00,27720,28204,28234,27701,0,0,208781,5818363144,1.716676284,27728
5,HK_FUTURE.999010,8/8/2018 0:00,28218,28234,28374,28142,0,0,187096,5271457626,0.106367891,28204
6,HK_FUTURE.999010,9/8/2018 0:00,28226,28531,28659,28060,0,0,207742,5873667458,1.051923213,28234
7,HK_FUTURE.999010,10/8/2018 0:00,28536,28213,28646,28173,0,0,174985,4958187355,-1.114577127,28531
8,HK_FUTURE.999010,13/8/2018 0:00,28221,27867,28266,27704,0,0,201643,5602581269,-1.226385,28213
9,HK_FUTURE.999010,14/8/2018 0:00,27881,27637,28024,27444,0,0,214987,5941283063,-0.825348979,27867
10,HK_FUTURE.999010,15/8/2018 0:00,27623,27231,27728,27150,0,0,215689,5880397513,-1.469045121,27637
11,HK_FUTURE.999010,16/8/2018 0:00,27219,27044,27366,26642,0,0,295772,7945155790,-0.686717344,27231
12,HK_FUTURE.999010,17/8/2018 0:00,27063,27136,27332,27005,0,0,183083,4946686818,0.340186363,27044
13,HK_FUTURE.999010,20/8/2018 0:00,27135,27519,27555,26875,0,0,221843,6039430474,1.411409198,27136
14,HK_FUTURE.999010,21/8/2018 0:00,27519,27627,27700,27432,0,0,187503,5122525426,0.392456121,27519
15,HK_FUTURE.999010,22/8/2018 0:00,27629,27855,27907,27498,0,0,209065,5762746286,0.825279618,27627
16,HK_FUTURE.999010,23/8/2018 0:00,27865,27687,27982,27580,0,0,202768,5609555557,-0.603123317,27855
17,HK_FUTURE.999010,24/8/2018 0:00,27699,27595,27782,27447,0,0,200220,5444279606,-0.33228591,27687
18,HK_FUTURE.999010,27/8/2018 0:00,27594,28252,28273,27520,0,0,210850,5549811242,2.380866099,27595
19,HK_FUTURE.999010,28/8/2018 0:00,28255,28292,28549,28201,0,0,219449,5802061652,0.141582897,28252
20,HK_FUTURE.999010,29/8/2018 0:00,28285,28345,28474,28190,0,0,139159,3817735050,0.187332108,28292
21,HK_FUTURE.999010,30/8/2018 0:00,28338,28239,28574,28227,0,0,28132,795306359,-0.373963662,28345
22,HK_FUTURE.999010,31/8/2018 0:00,28063,27765,28069,27634,0,0,193667,5372492918,-1.678529693,28239
23,HK_FUTURE.999010,3/9/2018 0:00,27747,27645,27860,27516,0,0,182631,5037272592,-0.432198811,27765
24,HK_FUTURE.999010,4/9/2018 0:00,27646,27882,27950,27452,0,0,209063,5747823791,0.857297884,27645
25,HK_FUTURE.999010,5/9/2018 0:00,27877,27104,27877,27100,0,0,258151,7072073768,-2.790330679,27882
26,HK_FUTURE.999010,6/9/2018 0:00,27119,26986,27224,26768,0,0,267986,7207748358,-0.435360094,27104
27,HK_FUTURE.999010,7/9/2018 0:00,26988,26835,27165,26584,0,0,280535,7526226132,-0.559549396,26986
28,HK_FUTURE.999010,10/9/2018 0:00,26858,26631,26892,26356,0,0,250759,6618567242,-0.76020123,26835
29,HK_FUTURE.999010,11/9/2018 0:00,26640,26305,26711,26290,0,0,247146,6532536460,-1.224137284,26631
30,HK_FUTURE.999010,12/9/2018 0:00,26286,26341,26436,26020,0,0,272067,7102428708,0.136856111,26305
31,HK_FUTURE.999010,13/9/2018 0:00,26328,26987,27040,26222,0,0,275973,7303453358,2.452450552,26341
32,HK_FUTURE.999010,14/9/2018 0:00,26983,27255,27345,26959,0,0,254679,6886075792,0.993070738,26987
33,HK_FUTURE.999010,17/9/2018 0:00,27265,26891,27282,26711,0,0,225060,6032948319,-1.335534764,27255
34,HK_FUTURE.999010,18/9/2018 0:00,26890,27041,27169,26605,0,0,275785,7368754274,0.557807445,26891
35,HK_FUTURE.999010,19/9/2018 0:00,27051,27411,27494,27017,0,0,240228,6524429972,1.368292593,27041
36,HK_FUTURE.999010,20/9/2018 0:00,27403,27459,27625,27294,0,0,245712,6702110761,0.175112181,27411
37,HK_FUTURE.999010,21/9/2018 0:00,27456,27940,27982,27456,0,0,282994,7640993116,1.751702538,27459
38,HK_FUTURE.999010,24/9/2018 0:00,27945,27465,27945,27388,0,0,192251,4914022029,-1.700071582,27940
39,HK_FUTURE.999010,26/9/2018 0:00,27465,27818,28037,27393,0,0,230938,6161107939,1.285272165,27465
40,HK_FUTURE.999010,27/9/2018 0:00,27823,27742,27929,27710,0,0,41966,1165225896,-0.2732044,27818
41,HK_FUTURE.999010,28/9/2018 0:00,27707,27877,27935,27649,0,0,221516,6142848901,0.486626775,27742
42,HK_FUTURE.999010,2/10/2018 0:00,27874,26994,27874,26991,0,0,222295,6036967747,-3.167485741,27877
43,HK_FUTURE.999010,3/10/2018 0:00,26991,27057,27252,26871,0,0,212171,5692649199,0.233385197,26994
44,HK_FUTURE.999010,4/10/2018 0:00,27019,26563,27175,26490,0,0,203632,5368706807,-1.825775215,27057
45,HK_FUTURE.999010,5/10/2018 0:00,26556,26459,26632,26243,0,0,202559,5331734828,-0.391522042,26563
46,HK_FUTURE.999010,8/10/2018 0:00,26459,26147,26771,26128,0,0,263452,6915269818,-1.179182887,26459
47,HK_FUTURE.999010,9/10/2018 0:00,26147,26060,26342,25971,0,0,262286,6843698311,-0.332734157,26147
48,HK_FUTURE.999010,10/10/2018 0:00,26061,26165,26470,25947,0,0,264343,6905412547,0.402916347,26060
49,HK_FUTURE.999010,11/10/2018 0:00,26173,25187,26256,25123,0,0,309253,7797962548,-3.737817695,26165
50,HK_FUTURE.999010,12/10/2018 0:00,25186,25690,25788,25080,0,0,322935,8193176912,1.997061976,25187
51,HK_FUTURE.999010,15/10/2018 0:00,25676,25343,25777,25330,0,0,233336,5932863435,-1.350720125,25690
52,HK_FUTURE.999010,16/10/2018 0:00,25340,25387,25680,25208,0,0,258268,6523007853,0.173617962,25343
53,HK_FUTURE.999010,18/10/2018 0:00,25380,25407,25775,25211,0,0,251213,6350916754,0.078780478,25387
54,HK_FUTURE.999010,19/10/2018 0:00,25402,25457,25723,25046,0,0,312860,7926100685,0.196796159,25407
55,HK_FUTURE.999010,22/10/2018 0:00,25474,26132,26222,25382,0,0,298404,7676156018,2.651530031,25457
56,HK_FUTURE.999010,23/10/2018 0:00,26134,25336,26163,25266,0,0,316388,8086629401,-3.046073779,26132
57,HK_FUTURE.999010,24/10/2018 0:00,25305,25212,25654,25050,0,0,375655,9468308144,-0.489422166,25336
58,HK_FUTURE.999010,25/10/2018 0:00,25205,24896,25408,24601,0,0,338502,8126071547,-1.25337141,25212
59,HK_FUTURE.999010,26/10/2018 0:00,24893,24657,25146,24526,0,0,342444,8007819164,-0.959993573,24896
60,HK_FUTURE.999010,29/10/2018 0:00,24634,24765,24997,24457,0,0,275217,6647990169,0.43800949,24657
61,HK_FUTURE.999010,30/10/2018 0:00,24771,24722,25041,24572,0,0,54546,1352176220,-0.173632142,24765
62,HK_FUTURE.999010,31/10/2018 0:00,24578,24911,24961,24474,0,0,268862,6629788235,0.764501254,24722
63,HK_FUTURE.999010,1/11/2018 0:00,24919,25342,25516,24858,0,0,262464,6590028016,1.730159367,24911
64,HK_FUTURE.999010,2/11/2018 0:00,25350,26493,26502,25323,0,0,330517,8479823874,4.541867256,25342
65,HK_FUTURE.999010,5/11/2018 0:00,26486,25897,26758,25720,0,0,300022,7756238332,-2.249650851,26493
66,HK_FUTURE.999010,6/11/2018 0:00,25886,26036,26166,25799,0,0,238349,6157159723,0.536741708,25897
67,HK_FUTURE.999010,7/11/2018 0:00,26032,26161,26524,25861,0,0,299744,7804057499,0.480104471,26036
68,HK_FUTURE.999010,8/11/2018 0:00,26164,26224,26614,26104,0,0,234765,6147912472,0.240816483,26161
69,HK_FUTURE.999010,9/11/2018 0:00,26204,25462,26229,25407,0,0,234982,5999468950,-2.905735204,26224
70,HK_FUTURE.999010,12/11/2018 0:00,25461,25551,25753,25312,0,0,232106,5907528576,0.349540492,25462
71,HK_FUTURE.999010,13/11/2018 0:00,25546,25837,25859,25006,0,0,304766,7700723601,1.119329968,25551
72,HK_FUTURE.999010,14/11/2018 0:00,25807,25554,25993,25430,0,0,256305,6555767279,-1.095328405,25837
73,HK_FUTURE.999010,15/11/2018 0:00,25538,26047,26136,25476,0,0,275740,7089254844,1.929247867,25554
74,HK_FUTURE.999010,16/11/2018 0:00,26034,26115,26193,25785,0,0,269548,6981205211,0.261066534,26047
75,HK_FUTURE.999010,19/11/2018 0:00,26107,26290,26378,25958,0,0,245693,6418935037,0.670112962,26115
76,HK_FUTURE.999010,20/11/2018 0:00,26280,25794,26317,25700,0,0,238240,6144968765,-1.886648916,26290
77,HK_FUTURE.999010,21/11/2018 0:00,25775,25903,25976,25414,0,0,278766,7111281598,0.422578894,25794
78,HK_FUTURE.999010,22/11/2018 0:00,25916,25931,26204,25810,0,0,208517,5387201872,0.108095587,25903
79,HK_FUTURE.999010,23/11/2018 0:00,25927,25895,26036,25755,0,0,187420,4826359500,-0.138829972,25931
80,HK_FUTURE.999010,26/11/2018 0:00,25876,26402,26427,25772,0,0,260678,6313339695,1.957906932,25895
81,HK_FUTURE.999010,27/11/2018 0:00,26404,26256,26512,26138,0,0,270864,6705559576,-0.55298841,26402
82,HK_FUTURE.999010,28/11/2018 0:00,26338,26612,26722,26197,0,0,196863,5046178977,1.355880561,26256
83,HK_FUTURE.999010,29/11/2018 0:00,26612,26590,26946,26523,0,0,36889,979943676,-0.082669472,26612
84,HK_FUTURE.999010,30/11/2018 0:00,26441,26531,26730,26321,0,0,241879,6323103841,-0.221887928,26590
85,HK_FUTURE.999010,3/12/2018 0:00,26525,27284,27326,26435,0,0,230268,6169863220,2.838189288,26531
86,HK_FUTURE.999010,4/12/2018 0:00,27278,27271,27329,27041,0,0,229925,6190820477,-0.047646973,27284
87,HK_FUTURE.999010,5/12/2018 0:00,27266,26765,27296,26724,0,0,198791,5294555175,-1.855450845,27271
88,HK_FUTURE.999010,6/12/2018 0:00,26790,26160,26905,26006,0,0,234129,6084370032,-2.260414721,26765
89,HK_FUTURE.999010,7/12/2018 0:00,26130,26075,26308,25814,0,0,206332,5334735582,-0.324923547,26160
90,HK_FUTURE.999010,10/12/2018 0:00,26096,25704,26369,25551,0,0,206137,5267747633,-1.422818792,26075
91,HK_FUTURE.999010,11/12/2018 0:00,25740,25715,25862,25403,0,0,207086,5288723050,0.042794896,25704
92,HK_FUTURE.999010,12/12/2018 0:00,25714,26238,26275,25710,0,0,206946,5388850379,2.033832394,25715
93,HK_FUTURE.999010,13/12/2018 0:00,26245,26529,26626,26245,0,0,210354,5496603510,1.109078436,26238
94,HK_FUTURE.999010,14/12/2018 0:00,26515,26040,26515,26020,0,0,178713,4611283780,-1.84326586,26529
95,HK_FUTURE.999010,17/12/2018 0:00,26028,26077,26231,25920,0,0,174641,4544427114,0.142089094,26040
96,HK_FUTURE.999010,18/12/2018 0:00,26098,25820,26193,25700,0,0,235511,6082504895,-0.985542816,26077
97,HK_FUTURE.999010,19/12/2018 0:00,25852,25923,26018,25784,0,0,170795,4333739410,0.398915569,25820
98,HK_FUTURE.999010,20/12/2018 0:00,25918,25534,26094,25374,0,0,245605,6070766042,-1.500597925,25923
99,HK_FUTURE.999010,21/12/2018 0:00,25569,25657,25793,25307,0,0,265914,6148330229,0.48171066,25534
100,HK_FUTURE.999010,24/12/2018 0:00,25645,25626,25806,25400,0,0,158491,3997487264,-0.120824726,25657
101,HK_FUTURE.999010,27/12/2018 0:00,25880,25394,25940,25322,0,0,152988,3900173807,-0.905330524,25626
102,HK_FUTURE.999010,28/12/2018 0:00,25355,25504,25584,25216,0,0,44099,1112909448,0.433173191,25394
103,HK_FUTURE.999010,31/12/2018 0:00,25588,25854,26000,25545,0,0,95331,2432081491,1.372333752,25504
104,HK_FUTURE.999010,2/1/2019 0:00,25856,24975,25868,24975,0,0,192591,4752547037,-3.399860757,25854
105,HK_FUTURE.999010,3/1/2019 0:00,25030,25057,25363,24876,0,0,214870,5349553137,0.328328328,24975
106,HK_FUTURE.999010,4/1/2019 0:00,25055,25601,25659,24893,0,0,241647,6095294868,2.171050006,25057
107,HK_FUTURE.999010,7/1/2019 0:00,25600,25865,26098,25588,0,0,201556,5154653680,1.031209718,25601
108,HK_FUTURE.999010,8/1/2019 0:00,25835,25903,26006,25713,0,0,197696,5090067498,0.146916683,25865
109,HK_FUTURE.999010,9/1/2019 0:00,25917,26515,26652,25915,0,0,229676,6011551389,2.362660696,25903
110,HK_FUTURE.999010,10/1/2019 0:00,26518,26470,26636,26228,0,0,232699,6102980775,-0.169715256,26515
111,HK_FUTURE.999010,11/1/2019 0:00,26464,26696,26746,26461,0,0,200761,5267956167,0.853796751,26470
112,HK_FUTURE.999010,14/1/2019 0:00,26706,26302,26738,26164,0,0,180421,4731777665,-1.475876536,26696
113,HK_FUTURE.999010,15/1/2019 0:00,26302,26752,26874,26254,0,0,222858,5913230089,1.71089651,26302
114,HK_FUTURE.999010,16/1/2019 0:00,26731,26905,26938,26559,0,0,198999,5308077229,0.571919856,26752
115,HK_FUTURE.999010,17/1/2019 0:00,26890,26769,27041,26666,0,0,236847,6327666089,-0.505482252,26905
116,HK_FUTURE.999010,18/1/2019 0:00,26785,27100,27144,26764,0,0,187737,5014990048,1.236504912,26769
117,HK_FUTURE.999010,21/1/2019 0:00,27102,27240,27361,27013,0,0,191089,5164406596,0.516605166,27100
118,HK_FUTURE.999010,22/1/2019 0:00,27201,27003,27271,26835,0,0,197115,5290828396,-0.870044053,27240
119,HK_FUTURE.999010,23/1/2019 0:00,27006,26985,27160,26875,0,0,201371,5390614339,-0.06665926,27003
120,HK_FUTURE.999010,24/1/2019 0:00,27018,27096,27164,26872,0,0,195639,5254135170,0.411339633,26985
121,HK_FUTURE.999010,25/1/2019 0:00,27112,27602,27618,27104,0,0,242207,6092432501,1.867434308,27096
122,HK_FUTURE.999010,28/1/2019 0:00,27618,27557,27814,27453,0,0,234904,6007807965,-0.163031664,27602
123,HK_FUTURE.999010,29/1/2019 0:00,27557,27566,27620,27325,0,0,186757,5037187987,0.032659578,27557
124,HK_FUTURE.999010,30/1/2019 0:00,27567,27552,27666,27375,0,0,31017,851990099,-0.050787202,27566
125,HK_FUTURE.999010,31/1/2019 0:00,27648,28055,28075,27625,0,0,177785,4921681965,1.825638792,27552
126,HK_FUTURE.999010,1/2/2019 0:00,28012,27862,28200,27743,0,0,168996,4703941762,-0.687934415,28055
127,HK_FUTURE.999010,4/2/2019 0:00,27855,27826,27950,27726,0,0,64912,1792019800,-0.129208241,27862
128,HK_FUTURE.999010,8/2/2019 0:00,27662,27951,27960,27450,0,0,110639,3039159568,0.449220154,27826
129,HK_FUTURE.999010,11/2/2019 0:00,27957,28130,28158,27758,0,0,146730,4045415104,0.640406426,27951
130,HK_FUTURE.999010,12/2/2019 0:00,28144,28123,28220,27916,0,0,149565,4113752702,-0.024884465,28130
131,HK_FUTURE.999010,13/2/2019 0:00,28117,28400,28509,28102,0,0,180495,5067371323,0.98495893,28123
132,HK_FUTURE.999010,14/2/2019 0:00,28393,28339,28498,28218,0,0,181169,5118230137,-0.214788732,28400
133,HK_FUTURE.999010,15/2/2019 0:00,28329,27867,28397,27781,0,0,198436,5482206602,-1.665549243,28339
134,HK_FUTURE.999010,18/2/2019 0:00,27880,28334,28384,27879,0,0,161265,4485280290,1.675817275,27867
135,HK_FUTURE.999010,19/2/2019 0:00,28323,28155,28448,28128,0,0,171896,4838179199,-0.631749841,28334
136,HK_FUTURE.999010,20/2/2019 0:00,28145,28510,28573,28038,0,0,194987,5420656276,1.260877286,28155
137,HK_FUTURE.999010,21/2/2019 0:00,28515,28655,28799,28363,0,0,229597,6466416106,0.508593476,28510
138,HK_FUTURE.999010,22/2/2019 0:00,28653,28806,28864,28417,0,0,243015,6334354535,0.526958646,28655
139,HK_FUTURE.999010,25/2/2019 0:00,28866,28890,29018,28740,0,0,291716,7996023297,0.291605915,28806
140,HK_FUTURE.999010,26/2/2019 0:00,28912,28727,29114,28702,0,0,226032,6306898061,-0.564209069,28890
141,HK_FUTURE.999010,27/2/2019 0:00,28728,28864,28959,28685,0,0,33765,969800345,0.476903262,28727
142,HK_FUTURE.999010,28/2/2019 0:00,28732,28666,28913,28563,0,0,217501,6163880083,-0.68597561,28864
143,HK_FUTURE.999010,1/3/2019 0:00,28684,28730,28840,28580,0,0,194901,5567880206,0.223261006,28666
144,HK_FUTURE.999010,4/3/2019 0:00,28740,28885,29255,28642,0,0,230364,6586111123,0.539505743,28730
145,HK_FUTURE.999010,5/3/2019 0:00,28880,28890,28989,28617,0,0,244476,7031625034,0.017310023,28885
146,HK_FUTURE.999010,6/3/2019 0:00,28897,29029,29086,28846,0,0,204771,5891746917,0.481135341,28890
147,HK_FUTURE.999010,7/3/2019 0:00,29030,28723,29093,28723,0,0,224130,6367276341,-1.054118295,29029
148,HK_FUTURE.999010,8/3/2019 0:00,28745,28236,28782,28176,0,0,245411,6921072262,-1.695505344,28723
149,HK_FUTURE.999010,11/3/2019 0:00,28240,28485,28530,28016,0,0,216826,6107931063,0.881852954,28236
150,HK_FUTURE.999010,12/3/2019 0:00,28480,28905,28990,28445,0,0,201199,5766447317,1.474460242,28485
151,HK_FUTURE.999010,13/3/2019 0:00,28918,28817,28966,28710,0,0,218910,6241943683,-0.304445598,28905
152,HK_FUTURE.999010,14/3/2019 0:00,28828,28898,28997,28675,0,0,215000,6180033980,0.281084082,28817
153,HK_FUTURE.999010,15/3/2019 0:00,28900,29046,29250,28756,0,0,226883,6543974973,0.512146169,28898
154,HK_FUTURE.999010,18/3/2019 0:00,29050,29385,29444,29039,0,0,220224,6414807608,1.167114233,29046
155,HK_FUTURE.999010,19/3/2019 0:00,29381,29494,29541,29335,0,0,208917,6088310792,0.370937553,29385
156,HK_FUTURE.999010,20/3/2019 0:00,29500,29326,29630,29261,0,0,219384,6426861687,-0.569607378,29494
157,HK_FUTURE.999010,21/3/2019 0:00,29339,29117,29477,29071,0,0,234001,6792447508,-0.71267817,29326
158,HK_FUTURE.999010,22/3/2019 0:00,29100,29085,29270,28838,0,0,248188,7133274898,-0.109901432,29117
159,HK_FUTURE.999010,25/3/2019 0:00,29065,28519,29065,28422,0,0,260407,6903107649,-1.946020285,29085
160,HK_FUTURE.999010,26/3/2019 0:00,28539,28540,28755,28410,0,0,264192,6981292712,0.07363512,28519
161,HK_FUTURE.999010,27/3/2019 0:00,28543,28685,28789,28531,0,0,209002,5788401363,0.508058865,28540
162,HK_FUTURE.999010,28/3/2019 0:00,28689,28719,28745,28532,0,0,38960,1113294855,0.118528848,28685
163,HK_FUTURE.999010,29/3/2019 0:00,28797,29077,29181,28735,0,0,198927,5750119881,1.24656151,28719
164,HK_FUTURE.999010,1/4/2019 0:00,29072,29586,29681,29034,0,0,182712,5363300179,1.75052447,29077
165,HK_FUTURE.999010,2/4/2019 0:00,29580,29739,29749,29565,0,0,173456,5115690943,0.517136483,29586
166,HK_FUTURE.999010,3/4/2019 0:00,29737,29963,30059,29644,0,0,205078,6111317247,0.753219678,29739
167,HK_FUTURE.999010,4/4/2019 0:00,29953,30003,30131,29810,0,0,204048,6054339680,0.133497981,29963
168,HK_FUTURE.999010,8/4/2019 0:00,29993,30127,30220,29965,0,0,197904,5916371051,0.413292004,30003
169,HK_FUTURE.999010,9/4/2019 0:00,30118,30204,30295,30071,0,0,184192,5469586094,0.255584691,30127
170,HK_FUTURE.999010,10/4/2019 0:00,30216,30121,30272,29944,0,0,196077,5807664479,-0.27479804,30204
171,HK_FUTURE.999010,11/4/2019 0:00,30129,29821,30225,29799,0,0,225472,6734774368,-0.995982869,30121
172,HK_FUTURE.999010,12/4/2019 0:00,29821,29950,29991,29706,0,0,196892,5821061556,0.432581067,29821
173,HK_FUTURE.999010,15/4/2019 0:00,29978,29825,30336,29767,0,0,247236,7428069458,-0.41736227,29950
174,HK_FUTURE.999010,16/4/2019 0:00,29828,30124,30189,29684,0,0,224247,6684494591,1.002514669,29825
175,HK_FUTURE.999010,17/4/2019 0:00,30131,30157,30205,30008,0,0,210541,6322303370,0.109547205,30124
176,HK_FUTURE.999010,18/4/2019 0:00,30146,29940,30235,29882,0,0,209133,6267954653,-0.719567596,30157
177,HK_FUTURE.999010,23/4/2019 0:00,29954,29950,30109,29742,0,0,236577,6961576513,0.033400134,29940
178,HK_FUTURE.999010,24/4/2019 0:00,29939,29760,30129,29650,0,0,301520,8228099838,-0.634390651,29950
179,HK_FUTURE.999010,25/4/2019 0:00,29772,29516,29853,29501,0,0,283968,7831987915,-0.819892473,29760
180,HK_FUTURE.999010,26/4/2019 0:00,29540,29578,29685,29412,0,0,229279,6608012185,0.210055563,29516
181,HK_FUTURE.999010,29/4/2019 0:00,29570,29818,29835,29547,0,0,42037,1232002496,0.811413889,29578
182,HK_FUTURE.999010,30/4/2019 0:00,29667,29467,29681,29368,0,0,207188,6080241222,-1.177141324,29818
183,HK_FUTURE.999010,2/5/2019 0:00,29468,29658,29737,29391,0,0,146552,4305300089,0.648182713,29467
184,HK_FUTURE.999010,3/5/2019 0:00,29672,29863,29875,29412,0,0,173037,5105914678,0.691213163,29658
185,HK_FUTURE.999010,6/5/2019 0:00,29862,28970,30047,28687,0,0,260542,7506663770,-2.990322473,29863
186,HK_FUTURE.999010,7/5/2019 0:00,28939,29106,29242,28909,0,0,250172,7207583111,0.469451156,28970
187,HK_FUTURE.999010,8/5/2019 0:00,29086,28793,29086,28619,0,0,249086,7155812227,-1.075379647,29106
188,HK_FUTURE.999010,9/5/2019 0:00,28750,28024,28798,28005,0,0,320030,9008764607,-2.670788039,28793
189,HK_FUTURE.999010,10/5/2019 0:00,28057,28327,28588,27754,0,0,346051,9729708633,1.0812161,28024
190,HK_FUTURE.999010,14/5/2019 0:00,28312,27854,28374,27602,0,0,255371,7073661563,-1.669785011,28327
191,HK_FUTURE.999010,15/5/2019 0:00,27880,28063,28169,27790,0,0,235589,6551579088,0.750341064,27854
192,HK_FUTURE.999010,16/5/2019 0:00,28068,28087,28160,27791,0,0,241755,6744852525,0.085521862,28063
193,HK_FUTURE.999010,17/5/2019 0:00,28090,27730,28317,27673,0,0,243901,6762759036,-1.271050664,28087
194,HK_FUTURE.999010,20/5/2019 0:00,27715,27622,27850,27524,0,0,230005,6330816809,-0.389469888,27730
195,HK_FUTURE.999010,21/5/2019 0:00,27620,27553,27828,27333,0,0,228492,6268583711,-0.249800883,27622
196,HK_FUTURE.999010,22/5/2019 0:00,27539,27608,27718,27495,0,0,201355,5501368697,0.199615287,27553
197,HK_FUTURE.999010,23/5/2019 0:00,27615,27227,27673,27120,0,0,232130,6289478154,-1.380034773,27608
198,HK_FUTURE.999010,24/5/2019 0:00,27227,27307,27438,27121,0,0,203521,5503180149,0.293825982,27227
199,HK_FUTURE.999010,27/5/2019 0:00,27314,27226,27353,27068,0,0,232072,5904897414,-0.296627238,27307
200,HK_FUTURE.999010,28/5/2019 0:00,27236,27323,27449,27178,0,0,227751,5450038618,0.356277088,27226
201,HK_FUTURE.999010,29/5/2019 0:00,27316,27228,27448,27139,0,0,203152,5272068013,-0.34769242,27323
202,HK_FUTURE.999010,30/5/2019 0:00,27221,27100,27319,27042,0,0,36020,977607127,-0.470104304,27228
203,HK_FUTURE.999010,31/5/2019 0:00,26929,26717,27033,26703,0,0,204378,5461516102,-1.413284133,27100
204,HK_FUTURE.999010,3/6/2019 0:00,26727,26711,26828,26578,0,0,209680,5561008217,-0.022457611,26717
205,HK_FUTURE.999010,4/6/2019 0:00,26747,26608,26886,26505,0,0,218535,5780663455,-0.385608925,26711
206,HK_FUTURE.999010,5/6/2019 0:00,26629,26811,27004,26586,0,0,216246,5691824756,0.762928443,26608
207,HK_FUTURE.999010,6/6/2019 0:00,26815,26848,26879,26671,0,0,180818,4791165702,0.138003058,26811
208,HK_FUTURE.999010,10/6/2019 0:00,26844,27469,27516,26773,0,0,196932,5346084095,2.313021454,26848
209,HK_FUTURE.999010,11/6/2019 0:00,27458,27688,27756,27436,0,0,186314,5067756167,0.797262368,27469
210,HK_FUTURE.999010,12/6/2019 0:00,27688,27122,27770,27106,0,0,196294,5286173155,-2.044206877,27688
211,HK_FUTURE.999010,13/6/2019 0:00,27120,27153,27199,26702,0,0,251590,6752152990,0.114298356,27122
212,HK_FUTURE.999010,14/6/2019 0:00,27170,27043,27243,26952,0,0,180689,4870761215,-0.405111774,27153
213,HK_FUTURE.999010,17/6/2019 0:00,27048,27147,27446,26907,0,0,196319,5320397102,0.384572718,27043
214,HK_FUTURE.999010,18/6/2019 0:00,27157,27442,27519,27096,0,0,207009,5606728413,1.086676244,27147
215,HK_FUTURE.999010,19/6/2019 0:00,27459,28146,28197,27447,0,0,237289,6560276909,2.565410684,27442
216,HK_FUTURE.999010,20/6/2019 0:00,28146,28515,28519,28080,0,0,209015,5859900242,1.311021104,28146
217,HK_FUTURE.999010,21/6/2019 0:00,28519,28422,28688,28298,0,0,220454,6211457329,-0.326144135,28515
218,HK_FUTURE.999010,24/6/2019 0:00,28437,28422,28605,28314,0,0,212534,5538115464,0,28422
219,HK_FUTURE.999010,25/6/2019 0:00,28414,28158,28489,28079,0,0,254822,6430266071,-0.928857927,28422
220,HK_FUTURE.999010,26/6/2019 0:00,28156,28190,28275,27989,0,0,194176,5185754720,0.113644435,28158
221,HK_FUTURE.999010,27/6/2019 0:00,28209,28519,28526,28209,0,0,38679,1096233319,1.167080525,28190
222,HK_FUTURE.999010,28/6/2019 0:00,28553,28505,28579,28367,0,0,154443,4362946228,-0.04909008,28519
223,HK_FUTURE.999010,2/7/2019 0:00,28514,28932,29054,28478,0,0,180745,5193996498,1.49798281,28505
224,HK_FUTURE.999010,3/7/2019 0:00,28931,28926,28992,28766,0,0,167453,4814110934,-0.020738283,28932
225,HK_FUTURE.999010,4/7/2019 0:00,28941,28849,29080,28834,0,0,168289,4842893626,-0.266196501,28926
226,HK_FUTURE.999010,5/7/2019 0:00,28851,28780,28962,28753,0,0,151357,4349977323,-0.239176401,28849
227,HK_FUTURE.999010,8/7/2019 0:00,28775,28360,28800,28213,0,0,202205,5724738566,-1.459346769,28780
228,HK_FUTURE.999010,9/7/2019 0:00,28354,28103,28444,28091,0,0,191405,5341121007,-0.906205924,28360
229,HK_FUTURE.999010,10/7/2019 0:00,28100,28202,28345,28087,0,0,163254,4577837654,0.352275558,28103
230,HK_FUTURE.999010,11/7/2019 0:00,28199,28454,28614,28138,0,0,180767,5122225476,0.893553649,28202
231,HK_FUTURE.999010,12/7/2019 0:00,28455,28539,28609,28289,0,0,176943,5029417592,0.298727771,28454
232,HK_FUTURE.999010,15/7/2019 0:00,28530,28523,28598,28052,0,0,203782,5769153574,-0.056063632,28539
233,HK_FUTURE.999010,16/7/2019 0:00,28530,28622,28661,28474,0,0,163810,4655319034,0.347088315,28523
234,HK_FUTURE.999010,17/7/2019 0:00,28621,28616,28657,28358,0,0,160083,4554616172,-0.020962896,28622
235,HK_FUTURE.999010,18/7/2019 0:00,28616,28427,28638,28311,0,0,174225,4914942350,-0.660469667,28616
236,HK_FUTURE.999010,19/7/2019 0:00,28451,28821,28841,28393,0,0,159692,4548263490,1.386006262,28427
237,HK_FUTURE.999010,22/7/2019 0:00,28814,28373,28814,28281,0,0,216569,6618883864,-1.554422123,28821
238,HK_FUTURE.999010,23/7/2019 0:00,28362,28459,28489,28290,0,0,144454,4086799739,0.303105065,28373
239,HK_FUTURE.999010,24/7/2019 0:00,28476,28536,28774,28441,0,0,170538,4840203363,0.270564672,28459
240,HK_FUTURE.999010,25/7/2019 0:00,28524,28586,28652,28490,0,0,174298,4516110431,0.175217269,28536
241,HK_FUTURE.999010,26/7/2019 0:00,28582,28385,28663,28311,0,0,228928,5859202356,-0.703141398,28586
242,HK_FUTURE.999010,29/7/2019 0:00,28388,28135,28427,27937,0,0,200775,5405950260,-0.880746873,28385
243,HK_FUTURE.999010,30/7/2019 0:00,28128,28201,28253,28062,0,0,27189,762656451,0.234583259,28135
244,HK_FUTURE.999010,31/7/2019 0:00,28109,27757,28109,27632,0,0,171842,4763701548,-1.574412255,28201
245,HK_FUTURE.999010,1/8/2019 0:00,27525,27445,27685,27401,0,0,168535,4606682008,-1.124040783,27757
246,HK_FUTURE.999010,2/8/2019 0:00,27458,26818,27660,26688,0,0,215403,5734110638,-2.284569138,27445
247,HK_FUTURE.999010,5/8/2019 0:00,26803,26033,26880,25999,0,0,265534,6926377403,-2.927138489,26818
248,HK_FUTURE.999010,6/8/2019 0:00,26023,25971,26118,25219,0,0,321988,8139228133,-0.238159259,26033
249,HK_FUTURE.999010,7/8/2019 0:00,25973,25943,26085,25634,0,0,234832,6005835703,-0.10781256,25971
250,HK_FUTURE.999010,8/8/2019 0:00,25946,26019,26246,25595,0,0,216730,5596405171,0.292949929,25943
251,HK_FUTURE.999010,9/8/2019 0:00,26038,25891,26206,25820,0,0,175141,4526145395,-0.491948192,26019
252,HK_FUTURE.999010,12/8/2019 0:00,25894,25560,26011,25550,0,0,181959,4685278541,-1.278436522,25891
253,HK_FUTURE.999010,13/8/2019 0:00,25548,25211,25548,25163,0,0,219382,5521124869,-1.36541471,25560
254,HK_FUTURE.999010,14/8/2019 0:00,25190,25210,25905,25053,0,0,243533,6104755740,-0.003966523,25211
255,HK_FUTURE.999010,15/8/2019 0:00,25161,25428,25475,24791,0,0,260658,6520344201,0.864736216,25210
256,HK_FUTURE.999010,16/8/2019 0:00,25387,25632,25733,25105,0,0,250904,6315530771,0.802265219,25428
257,HK_FUTURE.999010,19/8/2019 0:00,25686,26191,26280,25535,0,0,189387,4861839082,2.180867665,25632
258,HK_FUTURE.999010,20/8/2019 0:00,26198,26215,26380,26051,0,0,185701,4823531018,0.091634531,26191
259,HK_FUTURE.999010,21/8/2019 0:00,26200,26231,26271,26014,0,0,167530,4328492101,0.061033759,26215
260,HK_FUTURE.999010,22/8/2019 0:00,26238,25955,26305,25903,0,0,190744,4934590404,-1.052190157,26231
261,HK_FUTURE.999010,23/8/2019 0:00,25950,26113,26187,25810,0,0,169224,4313554618,0.608745906,25955
262,HK_FUTURE.999010,26/8/2019 0:00,26102,25661,26122,25156,0,0,315421,7438319360,-1.730938613,26113
263,HK_FUTURE.999010,27/8/2019 0:00,25700,25651,25878,25533,0,0,236858,5578592962,-0.038969643,25661
264,HK_FUTURE.999010,28/8/2019 0:00,25655,25629,25864,25556,0,0,169395,4239460778,-0.085766637,25651
265,HK_FUTURE.999010,29/8/2019 0:00,25614,25539,25681,25377,0,0,37773,962719716,-0.351164696,25629
266,HK_FUTURE.999010,30/8/2019 0:00,25660,25610,25935,25412,0,0,221207,5614723864,0.278006187,25539
267,HK_FUTURE.999010,2/9/2019 0:00,25629,25505,25709,25391,0,0,165674,4169164189,-0.409996095,25610
268,HK_FUTURE.999010,3/9/2019 0:00,25495,25468,25663,25313,0,0,175853,4428470168,-0.145069594,25505
269,HK_FUTURE.999010,4/9/2019 0:00,25477,26476,26634,25392,0,0,298461,7688117753,3.957907963,25468
270,HK_FUTURE.999010,5/9/2019 0:00,26476,26438,26683,26222,0,0,60070,1558664443,-0.143526212,26476
271,HK_FUTURE.999010,6/9/2019 0:00,26712,26584,26799,26489,0,0,161337,4153123376,0.552235419,26438
272,HK_FUTURE.999010,9/9/2019 0:00,26591,26650,26795,26506,0,0,153840,4085032102,0.248269636,26584
273,HK_FUTURE.999010,10/9/2019 0:00,26640,26628,26890,26604,0,0,146278,3888898578,-0.082551595,26650
274,HK_FUTURE.999010,11/9/2019 0:00,26641,27109,27158,26641,0,0,213123,5681636485,1.806369235,26628
275,HK_FUTURE.999010,12/9/2019 0:00,27080,27076,27335,26940,0,0,165628,4364642813,-0.121730791,27109
276,HK_FUTURE.999010,13/9/2019 0:00,27074,27309,27387,26980,0,0,129083,3423720021,0.8605407,27076
277,HK_FUTURE.999010,16/9/2019 0:00,27307,27054,27394,26959,0,0,140046,3759109319,-0.933758102,27309
278,HK_FUTURE.999010,17/9/2019 0:00,27050,26747,27092,26676,0,0,150789,4021584633,-1.134767502,27054
279,HK_FUTURE.999010,18/9/2019 0:00,26747,26731,26910,26703,0,0,127482,3403045709,-0.059819793,26747
280,HK_FUTURE.999010,19/9/2019 0:00,26720,26489,26831,26345,0,0,183385,4836775745,-0.905315925,26731
281,HK_FUTURE.999010,20/9/2019 0:00,26497,26425,26621,26406,0,0,141476,3711175127,-0.241609725,26489
282,HK_FUTURE.999010,23/9/2019 0:00,26433,26133,26524,26119,0,0,178215,4608940546,-1.105014191,26425
283,HK_FUTURE.999010,24/9/2019 0:00,26139,26294,26431,26121,0,0,206807,4755779123,0.616079287,26133
284,HK_FUTURE.999010,25/9/2019 0:00,26298,25906,26318,25900,0,0,252135,6103416351,-1.475621815,26294
285,HK_FUTURE.999010,26/9/2019 0:00,25898,26022,26107,25850,0,0,149259,3762848832,0.447772717,25906
286,HK_FUTURE.999010,27/9/2019 0:00,26033,25949,26074,25811,0,0,27003,699015803,-0.280531858,26022
287,HK_FUTURE.999010,30/9/2019 0:00,25967,26042,26158,25656,0,0,169183,4373552353,0.358395314,25949
288,HK_FUTURE.999010,2/10/2019 0:00,26066,25948,26087,25750,0,0,140094,3603970908,-0.36095538,26042
289,HK_FUTURE.999010,3/10/2019 0:00,25944,26143,26220,25673,0,0,170653,4387578795,0.751503006,25948
290,HK_FUTURE.999010,4/10/2019 0:00,26138,25787,26175,25566,0,0,205245,5286969595,-1.361741193,26143
291,HK_FUTURE.999010,8/10/2019 0:00,25800,25867,26202,25623,0,0,208403,5359680307,0.310233839,25787
292,HK_FUTURE.999010,9/10/2019 0:00,25870,25662,25882,25621,0,0,174447,4451689762,-0.79251556,25867
293,HK_FUTURE.999010,10/10/2019 0:00,25681,25809,25843,25507,0,0,184482,4724610575,0.572831424,25662
294,HK_FUTURE.999010,11/10/2019 0:00,25785,26410,26446,25751,0,0,188442,4907622179,2.328645046,25809
295,HK_FUTURE.999010,14/10/2019 0:00,26420,26532,26677,26373,0,0,187749,4949030796,0.461946232,26410
296,HK_FUTURE.999010,15/10/2019 0:00,26532,26485,26636,26380,0,0,146938,3854941771,-0.17714458,26532
297,HK_FUTURE.999010,16/10/2019 0:00,26479,26642,26739,26383,0,0,203738,5404217410,0.592788371,26485
298,HK_FUTURE.999010,17/10/2019 0:00,26634,26885,26988,26598,0,0,159088,4230505815,0.912093687,26642
299,HK_FUTURE.999010,18/10/2019 0:00,26890,26675,27016,26657,0,0,174845,4668838380,-0.781104705,26885
300,HK_FUTURE.999010,21/10/2019 0:00,26675,26693,26843,26604,0,0,138188,3667822042,0.067478913,26675
301,HK_FUTURE.999010,22/10/2019 0:00,26691,26781,26896,26650,0,0,144743,3837062385,0.329674446,26693
302,HK_FUTURE.999010,23/10/2019 0:00,26786,26526,26872,26457,0,0,166296,4410471364,-0.952167581,26781
303,HK_FUTURE.999010,24/10/2019 0:00,26524,26761,26835,26482,0,0,166059,4347563328,0.885923245,26526
304,HK_FUTURE.999010,25/10/2019 0:00,26763,26686,26818,26594,0,0,182271,4174428209,-0.280258585,26761
305,HK_FUTURE.999010,28/10/2019 0:00,26691,26914,27041,26671,0,0,217933,5288291224,0.854380574,26686
306,HK_FUTURE.999010,29/10/2019 0:00,26903,26726,27078,26717,0,0,157680,4045277319,-0.698521216,26914
307,HK_FUTURE.999010,30/10/2019 0:00,26731,26674,26805,26616,0,0,25642,674737656,-0.194567088,26726
308,HK_FUTURE.999010,31/10/2019 0:00,26628,26984,27042,26563,0,0,154462,4120391987,1.1621804,26674
309,HK_FUTURE.999010,1/11/2019 0:00,26964,27148,27150,26676,0,0,159141,4256969995,0.607767566,26984
310,HK_FUTURE.999010,4/11/2019 0:00,27142,27607,27609,27126,0,0,149664,4073145916,1.690732282,27148
311,HK_FUTURE.999010,5/11/2019 0:00,27610,27685,27763,27457,0,0,169920,4656179722,0.282537038,27607
312,HK_FUTURE.999010,6/11/2019 0:00,27679,27741,27796,27544,0,0,149099,4110480541,0.202275601,27685
313,HK_FUTURE.999010,7/11/2019 0:00,27739,27828,27949,27541,0,0,191650,5278017481,0.313615227,27741
314,HK_FUTURE.999010,8/11/2019 0:00,27828,27680,27938,27591,0,0,158498,4359899976,-0.531838436,27828
315,HK_FUTURE.999010,11/11/2019 0:00,27674,26994,27720,26808,0,0,209657,5653394265,-2.478323699,27680
316,HK_FUTURE.999010,12/11/2019 0:00,26990,26982,27212,26776,0,0,190531,5113501372,-0.044454323,26994
317,HK_FUTURE.999010,13/11/2019 0:00,26975,26487,27006,26444,0,0,194214,5109827631,-1.834556371,26982
318,HK_FUTURE.999010,14/11/2019 0:00,26484,26328,26625,26178,0,0,218702,5742194882,-0.600294484,26487
319,HK_FUTURE.999010,15/11/2019 0:00,26318,26280,26617,26250,0,0,161856,4241912249,-0.182315406,26328
320,HK_FUTURE.999010,18/11/2019 0:00,26295,26682,26705,26227,0,0,173039,4590081520,1.529680365,26280
321,HK_FUTURE.999010,19/11/2019 0:00,26661,27079,27106,26500,0,0,196490,5254826785,1.487894461,26682
322,HK_FUTURE.999010,20/11/2019 0:00,27084,26803,27123,26776,0,0,153781,4125826625,-1.019240001,27079
323,HK_FUTURE.999010,21/11/2019 0:00,26800,26441,26868,26266,0,0,196415,5149217349,-1.350595083,26803
324,HK_FUTURE.999010,22/11/2019 0:00,26442,26623,26675,26442,0,0,153875,4055388585,0.68832495,26441
325,HK_FUTURE.999010,25/11/2019 0:00,26611,27025,27141,26554,0,0,206213,4777911066,1.50997258,26623
326,HK_FUTURE.999010,26/11/2019 0:00,27014,26980,27267,26923,0,0,208346,5122347240,-0.166512488,27025
327,HK_FUTURE.999010,27/11/2019 0:00,26943,26954,27017,26876,0,0,129174,3392751003,-0.09636768,26980
328,HK_FUTURE.999010,28/11/2019 0:00,26958,26918,27022,26729,0,0,22529,605824318,-0.133560882,26954
329,HK_FUTURE.999010,29/11/2019 0:00,26868,26333,26918,26323,0,0,169736,4434204179,-2.173266959,26918
330,HK_FUTURE.999010,2/12/2019 0:00,26373,26488,26576,26337,0,0,127896,3354936941,0.588615046,26333
331,HK_FUTURE.999010,3/12/2019 0:00,26490,26381,26500,26062,0,0,174993,4569103486,-0.403956509,26488
332,HK_FUTURE.999010,4/12/2019 0:00,26399,26062,26413,25949,0,0,171368,4457892040,-1.209203593,26381
333,HK_FUTURE.999010,5/12/2019 0:00,26084,26246,26327,26084,0,0,141295,3657255273,0.706008748,26062
334,HK_FUTURE.999010,6/12/2019 0:00,26240,26503,26555,26194,0,0,140999,3705608560,0.97919683,26246
335,HK_FUTURE.999010,9/12/2019 0:00,26507,26516,26664,26425,0,0,137539,3609414321,0.049051051,26503
336,HK_FUTURE.999010,10/12/2019 0:00,26500,26416,26573,26291,0,0,110337,2908416950,-0.377130789,26516
337,HK_FUTURE.999010,11/12/2019 0:00,26409,26653,26689,26262,0,0,145657,3814665343,0.897183525,26416
338,HK_FUTURE.999010,12/12/2019 0:00,26640,27012,27095,26588,0,0,137287,3665362724,1.346940307,26653
339,HK_FUTURE.999010,13/12/2019 0:00,27013,27704,27746,26916,0,0,183751,4996936181,2.561824374,27012
340,HK_FUTURE.999010,16/12/2019 0:00,27719,27580,27889,27447,0,0,185566,5060277670,-0.447588796,27704
341,HK_FUTURE.999010,17/12/2019 0:00,27579,27829,27922,27563,0,0,174495,4815116453,0.902828136,27580
342,HK_FUTURE.999010,18/12/2019 0:00,27829,27917,28032,27765,0,0,156542,4305139960,0.316216896,27829
343,HK_FUTURE.999010,19/12/2019 0:00,27915,27804,27976,27692,0,0,135088,3729557744,-0.404771286,27917
344,HK_FUTURE.999010,20/12/2019 0:00,27819,27940,28014,27752,0,0,161189,4334517286,0.489138253,27804
345,HK_FUTURE.999010,23/12/2019 0:00,27948,27856,28080,27846,0,0,186395,4530761851,-0.300644238,27940
346,HK_FUTURE.999010,24/12/2019 0:00,27864,27880,27922,27798,0,0,102922,2719043463,0.086157381,27856
347,HK_FUTURE.999010,27/12/2019 0:00,28022,28219,28258,28020,0,0,123748,3389046390,1.215925395,27880
348,HK_FUTURE.999010,30/12/2019 0:00,28219,28348,28396,28180,0,0,24954,705472337,0.457138807,28219
349,HK_FUTURE.999010,31/12/2019 0:00,28408,28270,28467,28198,0,0,88633,2493984749,-0.275151686,28348
350,HK_FUTURE.999010,2/1/2020 0:00,28363,28606,28631,28211,0,0,134974,3815860444,1.188539087,28270
351,HK_FUTURE.999010,3/1/2020 0:00,28628,28443,28947,28425,0,0,178088,5091871269,-0.569810529,28606
352,HK_FUTURE.999010,6/1/2020 0:00,28430,28181,28535,28077,0,0,175868,4938910832,-0.921140527,28443
353,HK_FUTURE.999010,7/1/2020 0:00,28175,28382,28529,28100,0,0,148408,4194581467,0.713246514,28181
354,HK_FUTURE.999010,8/1/2020 0:00,28359,28058,28395,27865,0,0,187170,5213314179,-1.1415686,28382
355,HK_FUTURE.999010,9/1/2020 0:00,28064,28622,28633,28064,0,0,148793,4205497198,2.01012189,28058
356,HK_FUTURE.999010,10/1/2020 0:00,28628,28666,28726,28511,0,0,136192,3877790956,0.153727902,28622
357,HK_FUTURE.999010,13/1/2020 0:00,28655,28962,29039,28649,0,0,153049,4381798732,1.032582153,28666
358,HK_FUTURE.999010,14/1/2020 0:00,28962,28799,29222,28793,0,0,160283,4614239764,-0.562806436,28962
359,HK_FUTURE.999010,15/1/2020 0:00,28805,28752,29030,28659,0,0,156475,4489922099,-0.163200111,28799
360,HK_FUTURE.999010,16/1/2020 0:00,28751,28895,29040,28734,0,0,160401,4604547017,0.497356706,28752
361,HK_FUTURE.999010,17/1/2020 0:00,28899,29065,29161,28807,0,0,163870,4691229766,0.588337083,28895
362,HK_FUTURE.999010,20/1/2020 0:00,29073,28695,29211,28686,0,0,159119,4595685974,-1.273008773,29065
363,HK_FUTURE.999010,21/1/2020 0:00,28678,27901,28755,27843,0,0,221298,6115503137,-2.767032584,28695
364,HK_FUTURE.999010,22/1/2020 0:00,27902,28318,28379,27902,0,0,210440,5573536545,1.494570087,27901
365,HK_FUTURE.999010,23/1/2020 0:00,28293,27815,28299,27703,0,0,259842,6453057568,-1.776255385,28318
366,HK_FUTURE.999010,24/1/2020 0:00,27800,27920,27965,27556,0,0,117038,3165457128,0.377494158,27815
367,HK_FUTURE.999010,29/1/2020 0:00,27010,27125,27338,26998,0,0,145343,3857525719,-2.847421203,27920
368,HK_FUTURE.999010,30/1/2020 0:00,27120,26660,27162,26653,0,0,34796,938908660,-1.714285714,27125
369,HK_FUTURE.999010,31/1/2020 0:00,26386,26233,26760,26230,0,0,196392,5154181432,-1.601650413,26660
370,HK_FUTURE.999010,3/2/2020 0:00,26222,26200,26460,25880,0,0,228718,5964518539,-0.125795753,26233
371,HK_FUTURE.999010,4/2/2020 0:00,26250,26777,26777,26205,0,0,203267,5372740335,2.202290076,26200
372,HK_FUTURE.999010,5/2/2020 0:00,26757,26740,26936,26526,0,0,205473,5468862323,-0.138178287,26777
373,HK_FUTURE.999010,6/2/2020 0:00,26747,27377,27568,26747,0,0,240177,6509940221,2.382198953,26740
374,HK_FUTURE.999010,7/2/2020 0:00,27413,27274,27413,27129,0,0,169522,4562288284,-0.376228221,27377
375,HK_FUTURE.999010,10/2/2020 0:00,27266,27094,27291,26905,0,0,171563,4613096426,-0.659969201,27274
376,HK_FUTURE.999010,11/2/2020 0:00,27120,27569,27622,27042,0,0,153488,4178630966,1.75315568,27094
377,HK_FUTURE.999010,12/2/2020 0:00,27560,27770,27820,27496,0,0,151850,4171852243,0.729079764,27569
378,HK_FUTURE.999010,13/2/2020 0:00,27793,27658,27900,27590,0,0,151925,4188818121,-0.403312928,27770
379,HK_FUTURE.999010,14/2/2020 0:00,27654,27753,27908,27495,0,0,153765,4233247754,0.34348109,27658
380,HK_FUTURE.999010,17/2/2020 0:00,27741,27842,28012,27576,0,0,141383,3879251565,0.320686052,27753
381,HK_FUTURE.999010,18/2/2020 0:00,27838,27426,27893,27424,0,0,145681,3970686706,-1.494145536,27842
382,HK_FUTURE.999010,19/2/2020 0:00,27422,27565,27650,27341,0,0,142797,3899472141,0.506818348,27426
383,HK_FUTURE.999010,20/2/2020 0:00,27589,27420,27721,27262,0,0,193258,5269122811,-0.526029385,27565
384,HK_FUTURE.999010,21/2/2020 0:00,27450,27200,27465,27155,0,0,170147,4593748792,-0.802334063,27420
385,HK_FUTURE.999010,24/2/2020 0:00,27225,26663,27335,26662,0,0,227912,5546877371,-1.974264706,27200
386,HK_FUTURE.999010,25/2/2020 0:00,26647,26754,26825,26310,0,0,246216,6012718141,0.341296928,26663
387,HK_FUTURE.999010,26/2/2020 0:00,26747,26580,26747,26296,0,0,201424,5107358016,-0.650370038,26754
388,HK_FUTURE.999010,27/2/2020 0:00,26555,26554,26813,26218,0,0,50355,1337629503,-0.097817908,26580
389,HK_FUTURE.999010,28/2/2020 0:00,26735,26170,26834,25923,0,0,283915,7395827227,-1.446109814,26554
390,HK_FUTURE.999010,2/3/2020 0:00,26127,26299,26357,25582,0,0,247763,6439061272,0.492930837,26170
391,HK_FUTURE.999010,3/3/2020 0:00,26250,26311,26530,25827,0,0,215753,5624910719,0.045629111,26299
392,HK_FUTURE.999010,4/3/2020 0:00,26337,26152,26611,25971,0,0,216372,5625623274,-0.604309984,26311
393,HK_FUTURE.999010,5/3/2020 0:00,26163,26704,26769,26163,0,0,206953,5432630288,2.110737229,26152
394,HK_FUTURE.999010,6/3/2020 0:00,26650,26010,26670,26008,0,0,198600,5166009967,-2.598861594,26704
395,HK_FUTURE.999010,9/3/2020 0:00,26007,24850,26014,24814,0,0,232314,5822214542,-4.459823145,26010
396,HK_FUTURE.999010,10/3/2020 0:00,24990,25449,25564,24360,0,0,249798,6194777171,2.410462777,24850
397,HK_FUTURE.999010,11/3/2020 0:00,25477,25129,25743,25085,0,0,217555,5465277173,-1.257416794,25449
398,HK_FUTURE.999010,12/3/2020 0:00,25170,24075,25330,24001,0,0,222430,5376631424,-4.194357117,25129
399,HK_FUTURE.999010,13/3/2020 0:00,24032,23853,24175,22116,0,0,259184,5985029753,-0.92211838,24075
400,HK_FUTURE.999010,16/3/2020 0:00,23850,22724,24749,22666,0,0,209553,4845665809,-4.733157255,23853
401,HK_FUTURE.999010,17/3/2020 0:00,22686,23019,23390,21588,0,0,212530,4753317917,1.298186939,22724
402,HK_FUTURE.999010,18/3/2020 0:00,22932,22006,23417,22000,0,0,229458,5148595845,-4.400712455,23019
403,HK_FUTURE.999010,19/3/2020 0:00,22003,21841,22366,20965,0,0,266530,5676091465,-0.74979551,22006
404,HK_FUTURE.999010,20/3/2020 0:00,21765,23057,23105,21492,0,0,230167,5013395429,5.567510645,21841
405,HK_FUTURE.999010,23/3/2020 0:00,23093,21496,23196,21296,0,0,216081,4686506659,-6.770178254,23057
406,HK_FUTURE.999010,24/3/2020 0:00,21497,22728,22788,21497,0,0,233323,5067998965,5.731298846,21496
407,HK_FUTURE.999010,25/3/2020 0:00,22773,23618,23638,22773,0,0,235665,5024180644,3.915874692,22728
408,HK_FUTURE.999010,26/3/2020 0:00,23646,23180,23879,23096,0,0,240708,5116362394,-1.854517741,23618
409,HK_FUTURE.999010,27/3/2020 0:00,23128,23502,24048,23128,0,0,183871,4178846740,1.389128559,23180
410,HK_FUTURE.999010,30/3/2020 0:00,23405,23232,23432,22797,0,0,43594,1000506302,-1.148838397,23502
411,HK_FUTURE.999010,31/3/2020 0:00,23024,23720,23750,22917,0,0,148607,3431173718,2.100550964,23232
412,HK_FUTURE.999010,1/4/2020 0:00,23698,22930,23730,22886,0,0,176599,4028742896,-3.330522766,23720
413,HK_FUTURE.999010,2/4/2020 0:00,23000,23269,23280,22561,0,0,160569,3645887813,1.47841256,22930
414,HK_FUTURE.999010,3/4/2020 0:00,23241,23196,23280,22908,0,0,133036,3059667221,-0.31372212,23269
415,HK_FUTURE.999010,6/4/2020 0:00,23173,23740,23865,22970,0,0,151150,3528814084,2.345231937,23196
416,HK_FUTURE.999010,7/4/2020 0:00,23750,24423,24439,23686,0,0,159253,3762237786,2.877000842,23740
417,HK_FUTURE.999010,8/4/2020 0:00,24370,23764,24606,23764,0,0,154221,3687004578,-2.698276215,24423
418,HK_FUTURE.999010,9/4/2020 0:00,23781,24209,24343,23767,0,0,132724,3187597244,1.872580374,23764
419,HK_FUTURE.999010,14/4/2020 0:00,24183,24408,24598,23959,0,0,137943,3322244453,0.822008344,24209
420,HK_FUTURE.999010,15/4/2020 0:00,24419,24052,24610,24022,0,0,123649,2993175643,-1.458538184,24408
421,HK_FUTURE.999010,16/4/2020 0:00,24021,23948,24124,23793,0,0,124873,2980006282,-0.432396474,24052
422,HK_FUTURE.999010,17/4/2020 0:00,23948,24359,24689,23827,0,0,137484,3342933586,1.716218473,23948
423,HK_FUTURE.999010,20/4/2020 0:00,24358,24280,24474,24176,0,0,123184,2969941295,-0.324315448,24359
424,HK_FUTURE.999010,21/4/2020 0:00,24306,23730,24343,23631,0,0,151707,3574212782,-2.26523888,24280
425,HK_FUTURE.999010,22/4/2020 0:00,23689,23869,23928,23418,0,0,140526,3284983665,0.585756426,23730
426,HK_FUTURE.999010,23/4/2020 0:00,23899,23991,24097,23759,0,0,157916,3235427837,0.511123214,23869
427,HK_FUTURE.999010,24/4/2020 0:00,23999,23834,24238,23677,0,0,156966,3389343373,-0.654412071,23991
428,HK_FUTURE.999010,27/4/2020 0:00,23840,24269,24333,23840,0,0,134135,3057478227,1.825123773,23834
429,HK_FUTURE.999010,28/4/2020 0:00,24278,24435,24447,24185,0,0,29888,726848133,0.684000165,24269
430,HK_FUTURE.999010,29/4/2020 0:00,24578,24502,24777,24441,0,0,111263,2701934436,0.274196849,24435
431,HK_FUTURE.999010,4/5/2020 0:00,24532,23373,24758,23305,0,0,135649,3185004353,-4.607787119,24502
432,HK_FUTURE.999010,5/5/2020 0:00,23300,23759,23800,23241,0,0,98109,2228846228,1.651478201,23373
433,HK_FUTURE.999010,6/5/2020 0:00,23750,24053,24132,23613,0,0,112126,2659440271,1.237425818,23759
434,HK_FUTURE.999010,7/5/2020 0:00,24083,23848,24083,23769,0,0,103353,2425814993,-0.852284538,24053
435,HK_FUTURE.999010,8/5/2020 0:00,23855,24121,24198,23792,0,0,100051,2369011074,1.144750084,23848
436,HK_FUTURE.999010,11/5/2020 0:00,24130,24486,24700,24104,0,0,107446,2603872989,1.513204262,24121
437,HK_FUTURE.999010,12/5/2020 0:00,24468,24153,24468,24001,0,0,122303,2929675394,-1.359960794,24486
438,HK_FUTURE.999010,13/5/2020 0:00,24145,24069,24352,23876,0,0,122964,2952793521,-0.347782884,24153
439,HK_FUTURE.999010,14/5/2020 0:00,24079,23685,24303,23638,0,0,144233,3414094420,-1.595413187,24069
440,HK_FUTURE.999010,15/5/2020 0:00,23704,23672,23911,23421,0,0,146845,3448350554,-0.054887059,23685
441,HK_FUTURE.999010,18/5/2020 0:00,23696,23924,23936,23388,0,0,123699,2913601493,1.064548834,23672
442,HK_FUTURE.999010,19/5/2020 0:00,23924,24340,24548,23843,0,0,142662,3462461569,1.738839659,23924
443,HK_FUTURE.999010,20/5/2020 0:00,24340,24441,24484,24259,0,0,106320,2569403399,0.414954807,24340
444,HK_FUTURE.999010,21/5/2020 0:00,24441,24128,24640,24114,0,0,137735,3333872433,-1.280634999,24441
445,HK_FUTURE.999010,22/5/2020 0:00,24147,22701,24160,22700,0,0,253020,5805334548,-5.914290451,24128
446,HK_FUTURE.999010,25/5/2020 0:00,22712,22889,23028,22498,0,0,215978,4342920439,0.82815735,22701
447,HK_FUTURE.999010,26/5/2020 0:00,23140,23355,23478,23140,0,0,182870,3628787743,2.035912447,22889
448,HK_FUTURE.999010,27/5/2020 0:00,23361,23205,23509,23103,0,0,148251,3308671324,-0.642260758,23355
449,HK_FUTURE.999010,28/5/2020 0:00,23230,23128,23466,22896,0,0,37832,876661726,-0.331825038,23205
450,HK_FUTURE.999010,29/5/2020 0:00,22907,22769,23079,22389,0,0,160020,3616007943,-1.552231062,23128
451,HK_FUTURE.999010,1/6/2020 0:00,22780,23425,23661,22613,0,0,173321,4014282513,2.881110282,22769
452,HK_FUTURE.999010,2/6/2020 0:00,23438,23937,23959,23322,0,0,146917,3411335330,2.185699039,23425
453,HK_FUTURE.999010,3/6/2020 0:00,23970,24243,24355,23921,0,0,142021,3343333387,1.278355684,23937
454,HK_FUTURE.999010,4/6/2020 0:00,24260,24291,24619,24117,0,0,147222,3533569254,0.197995298,24243
455,HK_FUTURE.999010,5/6/2020 0:00,24280,24697,24780,24145,0,0,152456,3680682813,1.67140093,24291
456,HK_FUTURE.999010,8/6/2020 0:00,24667,24745,25075,24597,0,0,148622,3610394599,0.19435559,24697
457,HK_FUTURE.999010,9/6/2020 0:00,24750,24867,25183,24683,0,0,141542,3500690453,0.493028895,24745
458,HK_FUTURE.999010,10/6/2020 0:00,24828,25017,25255,24719,0,0,146354,3548064801,0.603209072,24867
459,HK_FUTURE.999010,11/6/2020 0:00,24987,24366,25082,24328,0,0,162170,3970203885,-2.602230483,25017
460,HK_FUTURE.999010,12/6/2020 0:00,24325,24212,24487,23785,0,0,169795,4056650201,-0.632028236,24366
461,HK_FUTURE.999010,15/6/2020 0:00,24242,23702,24384,23555,0,0,189277,4498588797,-2.106393524,24212
462,HK_FUTURE.999010,16/6/2020 0:00,23710,24355,24475,23675,0,0,159829,3840766225,2.755041769,23702
463,HK_FUTURE.999010,17/6/2020 0:00,24360,24402,24632,24076,0,0,159143,3823461355,0.192978854,24355
464,HK_FUTURE.999010,18/6/2020 0:00,24380,24350,24439,24015,0,0,142898,3449824791,-0.213097287,24402
465,HK_FUTURE.999010,19/6/2020 0:00,24340,24610,24731,24207,0,0,144331,3513678004,1.067761807,24350
466,HK_FUTURE.999010,22/6/2020 0:00,24659,24455,24709,24299,0,0,134777,3232330825,-0.629825274,24610
467,HK_FUTURE.999010,23/6/2020 0:00,24493,24952,24980,24137,0,0,230587,5110930550,2.032304232,24455
468,HK_FUTURE.999010,24/6/2020 0:00,24920,24707,25128,24650,0,0,189618,3856960453,-0.98188522,24952
469,HK_FUTURE.999010,26/6/2020 0:00,24666,24506,24757,24375,0,0,129473,3015421726,-0.813534626,24707
470,HK_FUTURE.999010,29/6/2020 0:00,24552,24302,24670,24231,0,0,26986,659724042,-0.832449196,24506
471,HK_FUTURE.999010,30/6/2020 0:00,24077,24247,24406,24057,0,0,127641,3066275081,-0.226318821,24302
472,HK_FUTURE.999010,2/7/2020 0:00,24228,25137,25153,24129,0,0,159819,3931666504,3.670557182,24247
473,HK_FUTURE.999010,3/7/2020 0:00,25111,25295,25417,24989,0,0,151099,3722921918,0.628555516,25137
474,HK_FUTURE.999010,6/7/2020 0:00,25311,26331,26442,25166,0,0,191165,4916204564,4.095671081,25295
475,HK_FUTURE.999010,7/7/2020 0:00,26296,25970,26791,25931,0,0,205293,5287216603,-1.371007558,26331
476,HK_FUTURE.999010,8/7/2020 0:00,25945,26062,26329,25874,0,0,175793,4524020677,0.35425491,25970
477,HK_FUTURE.999010,9/7/2020 0:00,26039,26246,26389,25957,0,0,161082,4193468187,0.706008748,26062
478,HK_FUTURE.999010,10/7/2020 0:00,26225,25695,26316,25549,0,0,180095,4623023871,-2.099367523,26246
479,HK_FUTURE.999010,13/7/2020 0:00,25676,25749,26109,25610,0,0,152879,3919684880,0.210157618,25695
480,HK_FUTURE.999010,14/7/2020 0:00,25769,25540,26031,25252,0,0,189684,4813122467,-0.811682007,25749
481,HK_FUTURE.999010,15/7/2020 0:00,25518,25494,25899,25305,0,0,176759,4494838991,-0.180109632,25540
482,HK_FUTURE.999010,16/7/2020 0:00,25473,24920,25665,24887,0,0,201119,5061876928,-2.251510159,25494
483,HK_FUTURE.999010,17/7/2020 0:00,24900,25157,25257,24844,0,0,155205,3845011548,0.951043339,24920
484,HK_FUTURE.999010,20/7/2020 0:00,25170,25017,25274,24721,0,0,172161,4274515885,-0.556505148,25157
485,HK_FUTURE.999010,21/7/2020 0:00,25055,25609,25636,25055,0,0,152162,3827470014,2.366390854,25017
486,HK_FUTURE.999010,22/7/2020 0:00,25628,25106,25788,24991,0,0,176882,4464178265,-1.964153227,25609
487,HK_FUTURE.999010,23/7/2020 0:00,25036,25230,25325,24963,0,0,174444,4333775150,0.493905839,25106
488,HK_FUTURE.999010,24/7/2020 0:00,25205,24685,25237,24573,0,0,204117,5030249640,-2.160126833,25230
489,HK_FUTURE.999010,27/7/2020 0:00,24710,24631,24972,24539,0,0,208315,4479891531,-0.21875633,24685
490,HK_FUTURE.999010,28/7/2020 0:00,24629,24755,24987,24629,0,0,179338,3678867540,0.503430636,24631
491,HK_FUTURE.999010,29/7/2020 0:00,24763,24879,24908,24655,0,0,132354,3049815831,0.500908907,24755
492,HK_FUTURE.999010,30/7/2020 0:00,24829,24967,25144,24829,0,0,21779,543813180,0.353711966,24879
493,HK_FUTURE.999010,31/7/2020 0:00,24616,24559,24928,24372,0,0,170098,4181263637,-1.634157087,24967
494,HK_FUTURE.999010,3/8/2020 0:00,24566,24387,24609,24185,0,0,162267,3913251797,-0.700354249,24559
495,HK_FUTURE.999010,4/8/2020 0:00,24365,24936,25068,24333,0,0,172627,4252952357,2.25119941,24387
496,HK_FUTURE.999010,5/8/2020 0:00,24954,25052,25168,24800,0,0,135902,3363615761,0.465190889,24936
497,HK_FUTURE.999010,6/8/2020 0:00,25063,24816,25232,24591,0,0,175713,4320864023,-0.942040556,25052
498,HK_FUTURE.999010,7/8/2020 0:00,24823,24391,24925,24150,0,0,181263,4424562731,-1.712604771,24816
499,HK_FUTURE.999010,10/8/2020 0:00,24380,24406,24506,24201,0,0,141581,3411235349,0.061498094,24391
500,HK_FUTURE.999010,11/8/2020 0:00,24422,24895,25030,24348,0,0,153358,3796450467,2.003605671,24406
501,HK_FUTURE.999010,12/8/2020 0:00,24900,25235,25300,24653,0,0,155767,3812244011,1.365736092,24895
502,HK_FUTURE.999010,13/8/2020 0:00,25254,25128,25459,25094,0,0,130062,3255557020,-0.424014266,25235
503,HK_FUTURE.999010,14/8/2020 0:00,25130,25074,25358,25029,0,0,113030,2822967948,-0.214899713,25128
504,HK_FUTURE.999010,17/8/2020 0:00,25052,25293,25574,25014,0,0,134675,3394218654,0.873414693,25074
505,HK_FUTURE.999010,18/8/2020 0:00,25330,25341,25440,25213,0,0,111451,2780008938,0.189775827,25293
506,HK_FUTURE.999010,19/8/2020 0:00,25349,25135,25395,25041,0,0,63512,1589358262,-0.812911882,25341
507,HK_FUTURE.999010,20/8/2020 0:00,25123,24678,25209,24545,0,0,154891,3806148062,-1.818181818,25135
508,HK_FUTURE.999010,21/8/2020 0:00,24697,25069,25186,24621,0,0,131961,3266271938,1.584407164,24678
509,HK_FUTURE.999010,24/8/2020 0:00,25071,25508,25550,24936,0,0,128308,3117341740,1.75116678,25069
510,HK_FUTURE.999010,25/8/2020 0:00,25510,25452,25619,25327,0,0,176118,3663588549,-0.219538968,25508
511,HK_FUTURE.999010,26/8/2020 0:00,25448,25432,25603,25305,0,0,154503,3373369419,-0.078579287,25452
512,HK_FUTURE.999010,27/8/2020 0:00,25435,25211,25527,25163,0,0,116645,2737700908,-0.868983957,25432
513,HK_FUTURE.999010,28/8/2020 0:00,25211,25531,25590,25095,0,0,26680,675385705,1.269287216,25211
514,HK_FUTURE.999010,31/8/2020 0:00,25378,25075,25790,24976,0,0,154309,3905510152,-1.786064001,25531
515,HK_FUTURE.999010,1/9/2020 0:00,25098,25065,25202,24851,0,0,117469,2931228999,-0.039880359,25075
516,HK_FUTURE.999010,2/9/2020 0:00,25069,25057,25184,24823,0,0,125927,3128447351,-0.031917016,25065
517,HK_FUTURE.999010,3/9/2020 0:00,25068,24924,25171,24778,0,0,140255,3463390013,-0.530789799,25057
518,HK_FUTURE.999010,4/9/2020 0:00,24900,24670,24927,24415,0,0,165700,4038789184,-1.019098058,24924
519,HK_FUTURE.999010,7/9/2020 0:00,24671,24516,24874,24301,0,0,151030,3699903083,-0.624239968,24670
520,HK_FUTURE.999010,8/9/2020 0:00,24505,24477,24765,24280,0,0,150085,3607415439,-0.159079785,24516
521,HK_FUTURE.999010,9/9/2020 0:00,24448,24417,24474,24142,0,0,152347,3644025761,-0.245128079,24477
522,HK_FUTURE.999010,10/9/2020 0:00,24402,24230,24630,24208,0,0,122568,2962439112,-0.765859852,24417
523,HK_FUTURE.999010,11/9/2020 0:00,24259,24454,24528,24151,0,0,122627,2971819952,0.924473793,24230
524,HK_FUTURE.999010,14/9/2020 0:00,24470,24544,24725,24245,0,0,113377,2770205201,0.368037949,24454
525,HK_FUTURE.999010,15/9/2020 0:00,24523,24742,24777,24422,0,0,108974,2659686828,0.806714472,24544
526,HK_FUTURE.999010,16/9/2020 0:00,24756,24715,24898,24599,0,0,103536,2534910661,-0.109126182,24742
527,HK_FUTURE.999010,17/9/2020 0:00,24708,24334,24734,24198,0,0,141082,3424011021,-1.541573943,24715
528,HK_FUTURE.999010,18/9/2020 0:00,24350,24456,24462,24250,0,0,108981,2621666922,0.501356127,24334
529,HK_FUTURE.999010,21/9/2020 0:00,24462,23896,24579,23862,0,0,156899,3774107842,-2.289826627,24456
530,HK_FUTURE.999010,22/9/2020 0:00,23877,23651,23921,23614,0,0,139664,3180948011,-1.025276197,23896
531,HK_FUTURE.999010,23/9/2020 0:00,23680,23700,23769,23505,0,0,136342,3135226549,0.2071794,23651
532,HK_FUTURE.999010,24/9/2020 0:00,23705,23251,23771,23163,0,0,186821,3798182705,-1.894514768,23700
533,HK_FUTURE.999010,25/9/2020 0:00,23248,23152,23475,23114,0,0,194126,3824223828,-0.425788138,23251
534,HK_FUTURE.999010,28/9/2020 0:00,23188,23435,23495,22964,0,0,126364,2745538050,1.2223566,23152
535,HK_FUTURE.999010,29/9/2020 0:00,23435,23399,23608,23388,0,0,20562,483130724,-0.153616386,23435
536,HK_FUTURE.999010,30/9/2020 0:00,23269,23430,23777,23264,0,0,143737,3368082619,0.132484294,23399
537,HK_FUTURE.999010,5/10/2020 0:00,23425,23755,23956,23385,0,0,115908,2726627414,1.387110542,23430
538,HK_FUTURE.999010,6/10/2020 0:00,23765,23951,23983,23751,0,0,89759,2122649584,0.825089455,23755
539,HK_FUTURE.999010,7/10/2020 0:00,23946,24173,24266,23880,0,0,109679,2611493528,0.926892405,23951
540,HK_FUTURE.999010,8/10/2020 0:00,24170,24100,24288,23992,0,0,96212,2285109933,-0.301989823,24173
541,HK_FUTURE.999010,9/10/2020 0:00,24106,24039,24372,24016,0,0,101289,2436764513,-0.253112033,24100
542,HK_FUTURE.999010,12/10/2020 0:00,24030,24679,24713,24030,0,0,133639,3252008658,2.662340364,24039
543,HK_FUTURE.999010,13/10/2020 0:00,24659,24706,24743,24607,0,0,14942,360832031,0.109404757,24679
544,HK_FUTURE.999010,14/10/2020 0:00,24800,24608,24805,24475,0,0,100271,2427829820,-0.396664778,24706
545,HK_FUTURE.999010,15/10/2020 0:00,24599,24079,24648,24057,0,0,135521,3277408445,-2.149707412,24608
546,HK_FUTURE.999010,16/10/2020 0:00,24059,24354,24434,23981,0,0,111378,2682280386,1.142074006,24079
547,HK_FUTURE.999010,19/10/2020 0:00,24343,24549,24766,24319,0,0,111209,2716662750,0.800689825,24354
548,HK_FUTURE.999010,20/10/2020 0:00,24556,24502,24582,24404,0,0,97352,2358862321,-0.191453827,24549
549,HK_FUTURE.999010,21/10/2020 0:00,24503,24640,24891,24466,0,0,132186,3242220966,0.563219329,24502
550,HK_FUTURE.999010,22/10/2020 0:00,24620,24863,24869,24520,0,0,129623,3159690234,0.905032468,24640
551,HK_FUTURE.999010,23/10/2020 0:00,24832,24919,24967,24646,0,0,153390,3434377389,0.225234284,24863
552,HK_FUTURE.999010,27/10/2020 0:00,24890,24717,24960,24567,0,0,208101,4183932113,-0.81062643,24919
553,HK_FUTURE.999010,28/10/2020 0:00,24706,24600,24837,24563,0,0,125926,2911540239,-0.473358417,24717
554,HK_FUTURE.999010,29/10/2020 0:00,24640,24500,24640,24256,0,0,34707,847611900,-0.406504065,24600
555,HK_FUTURE.999010,30/10/2020 0:00,24512,24157,24591,23948,0,0,155441,3750842018,-1.4,24500
